ipaddr,gname,etc,date
1.1.1.1,domain1,1.1.1.1,2022-09-07
1.1.1.2,domain2,1.1.1.2,2022-09-08
1.1.1.3,domain3,1.1.1.3,2022-09-09
1.1.1.4,domain4,1.1.1.4,2022-09-10
1.1.1.5,domain5,1.1.1.5,2022-09-11
1.1.1.6,domain6,1.1.1.6,2022-09-12
1.1.1.7,domain7,1.1.1.7,2022-09-13
1.1.1.8,domain8,1.1.1.8,2022-09-14
1.1.1.9,domain9,1.1.1.9,2022-09-15
1.1.1.10,domain10,1.1.1.10,2022-09-16
1.1.1.11,domain11,1.1.1.11,2022-09-17
1.1.1.12,domain12,1.1.1.12,2022-09-18
1.1.1.13,domain13,1.1.1.13,2022-09-19
1.1.1.14,domain14,1.1.1.14,2022-09-20
1.1.1.15,domain15,1.1.1.15,2022-09-21
1.1.1.16,domain16,1.1.1.16,2022-09-22
1.1.1.17,domain17,1.1.1.17,2022-09-23
1.1.1.18,domain18,1.1.1.18,2022-09-24
1.1.1.19,domain19,1.1.1.19,2022-09-25
1.1.1.20,domain20,1.1.1.20,2022-09-26
1.1.1.21,domain21,1.1.1.21,2022-09-27
1.1.1.22,domain22,1.1.1.22,2022-09-28
1.1.1.23,domain23,1.1.1.23,2022-09-29
1.1.1.24,domain24,1.1.1.24,2022-09-30
1.1.1.25,domain25,1.1.1.25,2022-10-01
1.1.1.26,domain26,1.1.1.26,2022-10-02
1.1.1.27,domain27,1.1.1.27,2022-10-03
1.1.1.28,domain28,1.1.1.28,2022-10-04
1.1.1.29,domain29,1.1.1.29,2022-10-05
1.1.1.30,domain30,1.1.1.30,2022-10-06
1.1.1.31,domain31,1.1.1.31,2022-10-07
1.1.1.32,domain32,1.1.1.32,2022-10-08
1.1.1.33,domain33,1.1.1.33,2022-10-09
1.1.1.34,domain34,1.1.1.34,2022-10-10
1.1.1.35,domain35,1.1.1.35,2022-10-11
1.1.1.36,domain36,1.1.1.36,2022-10-12
1.1.1.37,domain37,1.1.1.37,2022-10-13
1.1.1.38,domain38,1.1.1.38,2022-10-14
1.1.1.39,domain39,1.1.1.39,2022-10-15
1.1.1.40,domain40,1.1.1.40,2022-10-16
1.1.1.41,domain41,1.1.1.41,2022-10-17
1.1.1.42,domain42,1.1.1.42,2022-10-18
1.1.1.43,domain43,1.1.1.43,2022-10-19
1.1.1.44,domain44,1.1.1.44,2022-10-20
1.1.1.45,domain45,1.1.1.45,2022-10-21
1.1.1.46,domain46,1.1.1.46,2022-10-22
1.1.1.47,domain47,1.1.1.47,2022-10-23
1.1.1.48,domain48,1.1.1.48,2022-10-24
1.1.1.49,domain49,1.1.1.49,2022-10-25
1.1.1.50,domain50,1.1.1.50,2022-10-26
1.1.1.51,domain51,1.1.1.51,2022-10-27
1.1.1.52,domain52,1.1.1.52,2022-10-28
1.1.1.53,domain53,1.1.1.53,2022-10-29
1.1.1.54,domain54,1.1.1.54,2022-10-30
1.1.1.55,domain55,1.1.1.55,2022-10-31
1.1.1.56,domain56,1.1.1.56,2022-11-01
1.1.1.57,domain57,1.1.1.57,2022-11-02
1.1.1.58,domain58,1.1.1.58,2022-11-03
1.1.1.59,domain59,1.1.1.59,2022-11-04
1.1.1.60,domain60,1.1.1.60,2022-11-05
1.1.1.61,domain61,1.1.1.61,2022-11-06
1.1.1.62,domain62,1.1.1.62,2022-11-07
1.1.1.63,domain63,1.1.1.63,2022-11-08
1.1.1.64,domain64,1.1.1.64,2022-11-09
1.1.1.65,domain65,1.1.1.65,2022-11-10
1.1.1.66,domain66,1.1.1.66,2022-11-11
1.1.1.67,domain67,1.1.1.67,2022-11-12
1.1.1.68,domain68,1.1.1.68,2022-11-13
1.1.1.69,domain69,1.1.1.69,2022-11-14
1.1.1.70,domain70,1.1.1.70,2022-11-15
1.1.1.71,domain71,1.1.1.71,2022-11-16
1.1.1.72,domain72,1.1.1.72,2022-11-17
1.1.1.73,domain73,1.1.1.73,2022-11-18
1.1.1.74,domain74,1.1.1.74,2022-11-19
1.1.1.75,domain75,1.1.1.75,2022-11-20
1.1.1.76,domain76,1.1.1.76,2022-11-21
1.1.1.77,domain77,1.1.1.77,2022-11-22
1.1.1.78,domain78,1.1.1.78,2022-11-23
1.1.1.79,domain79,1.1.1.79,2022-11-24
1.1.1.80,domain80,1.1.1.80,2022-11-25
1.1.1.81,domain81,1.1.1.81,2022-11-26
1.1.1.82,domain82,1.1.1.82,2022-11-27
1.1.1.83,domain83,1.1.1.83,2022-11-28
1.1.1.84,domain84,1.1.1.84,2022-11-29
1.1.1.85,domain85,1.1.1.85,2022-11-30
1.1.1.86,domain86,1.1.1.86,2022-12-01
1.1.1.87,domain87,1.1.1.87,2022-12-02
1.1.1.88,domain88,1.1.1.88,2022-12-03
1.1.1.89,domain89,1.1.1.89,2022-12-04
1.1.1.90,domain90,1.1.1.90,2022-12-05
1.1.1.91,domain91,1.1.1.91,2022-12-06
1.1.1.92,domain92,1.1.1.92,2022-12-07
1.1.1.93,domain93,1.1.1.93,2022-12-08
1.1.1.94,domain94,1.1.1.94,2022-12-09
1.1.1.95,domain95,1.1.1.95,2022-12-10
1.1.1.96,domain96,1.1.1.96,2022-12-11
1.1.1.97,domain97,1.1.1.97,2022-12-12
1.1.1.98,domain98,1.1.1.98,2022-12-13
1.1.1.99,domain99,1.1.1.99,2022-12-14
1.1.1.100,domain100,1.1.1.100,2022-12-15
1.1.1.101,domain101,1.1.1.101,2022-12-16
1.1.1.102,domain102,1.1.1.102,2022-12-17
1.1.1.103,domain103,1.1.1.103,2022-12-18
1.1.1.104,domain104,1.1.1.104,2022-12-19
1.1.1.105,domain105,1.1.1.105,2022-12-20
1.1.1.106,domain106,1.1.1.106,2022-12-21
1.1.1.107,domain107,1.1.1.107,2022-12-22
1.1.1.108,domain108,1.1.1.108,2022-12-23
1.1.1.109,domain109,1.1.1.109,2022-12-24
1.1.1.110,domain110,1.1.1.110,2022-12-25
1.1.1.111,domain111,1.1.1.111,2022-12-26
1.1.1.112,domain112,1.1.1.112,2022-12-27
1.1.1.113,domain113,1.1.1.113,2022-12-28
1.1.1.114,domain114,1.1.1.114,2022-12-29
1.1.1.115,domain115,1.1.1.115,2022-12-30
1.1.1.116,domain116,1.1.1.116,2022-12-31
1.1.1.117,domain117,1.1.1.117,2023-01-01
1.1.1.118,domain118,1.1.1.118,2023-01-02
1.1.1.119,domain119,1.1.1.119,2023-01-03
1.1.1.120,domain120,1.1.1.120,2023-01-04
1.1.1.121,domain121,1.1.1.121,2023-01-05
1.1.1.122,domain122,1.1.1.122,2023-01-06
1.1.1.123,domain123,1.1.1.123,2023-01-07
1.1.1.124,domain124,1.1.1.124,2023-01-08
1.1.1.125,domain125,1.1.1.125,2023-01-09
1.1.1.126,domain126,1.1.1.126,2023-01-10
1.1.1.127,domain127,1.1.1.127,2023-01-11
1.1.1.128,domain128,1.1.1.128,2023-01-12
1.1.1.129,domain129,1.1.1.129,2023-01-13
1.1.1.130,domain130,1.1.1.130,2023-01-14
1.1.1.131,domain131,1.1.1.131,2023-01-15
1.1.1.132,domain132,1.1.1.132,2023-01-16
1.1.1.133,domain133,1.1.1.133,2023-01-17
1.1.1.134,domain134,1.1.1.134,2023-01-18
1.1.1.135,domain135,1.1.1.135,2023-01-19
1.1.1.136,domain136,1.1.1.136,2023-01-20
1.1.1.137,domain137,1.1.1.137,2023-01-21
1.1.1.138,domain138,1.1.1.138,2023-01-22
1.1.1.139,domain139,1.1.1.139,2023-01-23
1.1.1.140,domain140,1.1.1.140,2023-01-24
1.1.1.141,domain141,1.1.1.141,2023-01-25
1.1.1.142,domain142,1.1.1.142,2023-01-26
1.1.1.143,domain143,1.1.1.143,2023-01-27
1.1.1.144,domain144,1.1.1.144,2023-01-28
1.1.1.145,domain145,1.1.1.145,2023-01-29
1.1.1.146,domain146,1.1.1.146,2023-01-30
1.1.1.147,domain147,1.1.1.147,2023-01-31
1.1.1.148,domain148,1.1.1.148,2023-02-01
1.1.1.149,domain149,1.1.1.149,2023-02-02
1.1.1.150,domain150,1.1.1.150,2023-02-03
1.1.1.151,domain151,1.1.1.151,2023-02-04
1.1.1.152,domain152,1.1.1.152,2023-02-05
1.1.1.153,domain153,1.1.1.153,2023-02-06
1.1.1.154,domain154,1.1.1.154,2023-02-07
1.1.1.155,domain155,1.1.1.155,2023-02-08
1.1.1.156,domain156,1.1.1.156,2023-02-09
1.1.1.157,domain157,1.1.1.157,2023-02-10
1.1.1.158,domain158,1.1.1.158,2023-02-11
1.1.1.159,domain159,1.1.1.159,2023-02-12
1.1.1.160,domain160,1.1.1.160,2023-02-13
1.1.1.161,domain161,1.1.1.161,2023-02-14
1.1.1.162,domain162,1.1.1.162,2023-02-15
1.1.1.163,domain163,1.1.1.163,2023-02-16
1.1.1.164,domain164,1.1.1.164,2023-02-17
1.1.1.165,domain165,1.1.1.165,2023-02-18
1.1.1.166,domain166,1.1.1.166,2023-02-19
1.1.1.167,domain167,1.1.1.167,2023-02-20
1.1.1.168,domain168,1.1.1.168,2023-02-21
1.1.1.169,domain169,1.1.1.169,2023-02-22
1.1.1.170,domain170,1.1.1.170,2023-02-23
1.1.1.171,domain171,1.1.1.171,2023-02-24
1.1.1.172,domain172,1.1.1.172,2023-02-25
1.1.1.173,domain173,1.1.1.173,2023-02-26
1.1.1.174,domain174,1.1.1.174,2023-02-27
1.1.1.175,domain175,1.1.1.175,2023-02-28
1.1.1.176,domain176,1.1.1.176,2023-03-01
1.1.1.177,domain177,1.1.1.177,2023-03-02
1.1.1.178,domain178,1.1.1.178,2023-03-03
1.1.1.179,domain179,1.1.1.179,2023-03-04
1.1.1.180,domain180,1.1.1.180,2023-03-05
1.1.1.181,domain181,1.1.1.181,2023-03-06
1.1.1.182,domain182,1.1.1.182,2023-03-07
1.1.1.183,domain183,1.1.1.183,2023-03-08
1.1.1.184,domain184,1.1.1.184,2023-03-09
1.1.1.185,domain185,1.1.1.185,2023-03-10
1.1.1.186,domain186,1.1.1.186,2023-03-11
1.1.1.187,domain187,1.1.1.187,2023-03-12
1.1.1.188,domain188,1.1.1.188,2023-03-13
1.1.1.189,domain189,1.1.1.189,2023-03-14
1.1.1.190,domain190,1.1.1.190,2023-03-15
1.1.1.191,domain191,1.1.1.191,2023-03-16
1.1.1.192,domain192,1.1.1.192,2023-03-17
1.1.1.193,domain193,1.1.1.193,2023-03-18
1.1.1.194,domain194,1.1.1.194,2023-03-19
1.1.1.195,domain195,1.1.1.195,2023-03-20
1.1.1.196,domain196,1.1.1.196,2023-03-21
1.1.1.197,domain197,1.1.1.197,2023-03-22
1.1.1.198,domain198,1.1.1.198,2023-03-23
1.1.1.199,domain199,1.1.1.199,2023-03-24
1.1.1.200,domain200,1.1.1.200,2023-03-25
1.1.1.201,domain201,1.1.1.201,2023-03-26
1.1.1.202,domain202,1.1.1.202,2023-03-27
1.1.1.203,domain203,1.1.1.203,2023-03-28
1.1.1.204,domain204,1.1.1.204,2023-03-29
1.1.1.205,domain205,1.1.1.205,2023-03-30
1.1.1.206,domain206,1.1.1.206,2023-03-31
1.1.1.207,domain207,1.1.1.207,2023-04-01
1.1.1.208,domain208,1.1.1.208,2023-04-02
1.1.1.209,domain209,1.1.1.209,2023-04-03
1.1.1.210,domain210,1.1.1.210,2023-04-04
1.1.1.211,domain211,1.1.1.211,2023-04-05
1.1.1.212,domain212,1.1.1.212,2023-04-06
1.1.1.213,domain213,1.1.1.213,2023-04-07
1.1.1.214,domain214,1.1.1.214,2023-04-08
1.1.1.215,domain215,1.1.1.215,2023-04-09
1.1.1.216,domain216,1.1.1.216,2023-04-10
1.1.1.217,domain217,1.1.1.217,2023-04-11
1.1.1.218,domain218,1.1.1.218,2023-04-12
1.1.1.219,domain219,1.1.1.219,2023-04-13
1.1.1.220,domain220,1.1.1.220,2023-04-14
1.1.1.221,domain221,1.1.1.221,2023-04-15
1.1.1.222,domain222,1.1.1.222,2023-04-16
1.1.1.223,domain223,1.1.1.223,2023-04-17
1.1.1.224,domain224,1.1.1.224,2023-04-18
1.1.1.225,domain225,1.1.1.225,2023-04-19
1.1.1.226,domain226,1.1.1.226,2023-04-20
1.1.1.227,domain227,1.1.1.227,2023-04-21
1.1.1.228,domain228,1.1.1.228,2023-04-22
1.1.1.229,domain229,1.1.1.229,2023-04-23
1.1.1.230,domain230,1.1.1.230,2023-04-24
1.1.1.231,domain231,1.1.1.231,2023-04-25
1.1.1.232,domain232,1.1.1.232,2023-04-26
1.1.1.233,domain233,1.1.1.233,2023-04-27
1.1.1.234,domain234,1.1.1.234,2023-04-28
1.1.1.235,domain235,1.1.1.235,2023-04-29
1.1.1.236,domain236,1.1.1.236,2023-04-30
1.1.1.237,domain237,1.1.1.237,2023-05-01
1.1.1.238,domain238,1.1.1.238,2023-05-02
1.1.1.239,domain239,1.1.1.239,2023-05-03
1.1.1.240,domain240,1.1.1.240,2023-05-04
1.1.1.241,domain241,1.1.1.241,2023-05-05
1.1.1.242,domain242,1.1.1.242,2023-05-06
1.1.1.243,domain243,1.1.1.243,2023-05-07
1.1.1.244,domain244,1.1.1.244,2023-05-08
1.1.1.245,domain245,1.1.1.245,2023-05-09
1.1.1.246,domain246,1.1.1.246,2023-05-10
1.1.1.247,domain247,1.1.1.247,2023-05-11
1.1.1.248,domain248,1.1.1.248,2023-05-12
1.1.1.249,domain249,1.1.1.249,2023-05-13
1.1.1.250,domain250,1.1.1.250,2023-05-14
1.1.1.251,domain251,1.1.1.251,2023-05-15
1.1.1.252,domain252,1.1.1.252,2023-05-16
1.1.1.253,domain253,1.1.1.253,2023-05-17
1.1.1.254,domain254,1.1.1.254,2023-05-18
1.1.1.255,domain255,1.1.1.255,2023-05-19
1.1.1.256,domain256,1.1.1.256,2023-05-20
1.1.1.257,domain257,1.1.1.257,2023-05-21
1.1.1.258,domain258,1.1.1.258,2023-05-22
1.1.1.259,domain259,1.1.1.259,2023-05-23
1.1.1.260,domain260,1.1.1.260,2023-05-24
1.1.1.261,domain261,1.1.1.261,2023-05-25
1.1.1.262,domain262,1.1.1.262,2023-05-26
1.1.1.263,domain263,1.1.1.263,2023-05-27
1.1.1.264,domain264,1.1.1.264,2023-05-28
1.1.1.265,domain265,1.1.1.265,2023-05-29
1.1.1.266,domain266,1.1.1.266,2023-05-30
1.1.1.267,domain267,1.1.1.267,2023-05-31
1.1.1.268,domain268,1.1.1.268,2023-06-01
1.1.1.269,domain269,1.1.1.269,2023-06-02
1.1.1.270,domain270,1.1.1.270,2023-06-03
1.1.1.271,domain271,1.1.1.271,2023-06-04
1.1.1.272,domain272,1.1.1.272,2023-06-05
1.1.1.273,domain273,1.1.1.273,2023-06-06
1.1.1.274,domain274,1.1.1.274,2023-06-07
1.1.1.275,domain275,1.1.1.275,2023-06-08
1.1.1.276,domain276,1.1.1.276,2023-06-09
1.1.1.277,domain277,1.1.1.277,2023-06-10
1.1.1.278,domain278,1.1.1.278,2023-06-11
1.1.1.279,domain279,1.1.1.279,2023-06-12
1.1.1.280,domain280,1.1.1.280,2023-06-13
1.1.1.281,domain281,1.1.1.281,2023-06-14
1.1.1.282,domain282,1.1.1.282,2023-06-15
1.1.1.283,domain283,1.1.1.283,2023-06-16
1.1.1.284,domain284,1.1.1.284,2023-06-17
1.1.1.285,domain285,1.1.1.285,2023-06-18
1.1.1.286,domain286,1.1.1.286,2023-06-19
1.1.1.287,domain287,1.1.1.287,2023-06-20
1.1.1.288,domain288,1.1.1.288,2023-06-21
1.1.1.289,domain289,1.1.1.289,2023-06-22
1.1.1.290,domain290,1.1.1.290,2023-06-23
1.1.1.291,domain291,1.1.1.291,2023-06-24
1.1.1.292,domain292,1.1.1.292,2023-06-25
1.1.1.293,domain293,1.1.1.293,2023-06-26
1.1.1.294,domain294,1.1.1.294,2023-06-27
1.1.1.295,domain295,1.1.1.295,2023-06-28
1.1.1.296,domain296,1.1.1.296,2023-06-29
1.1.1.297,domain297,1.1.1.297,2023-06-30
1.1.1.298,domain298,1.1.1.298,2023-07-01
1.1.1.299,domain299,1.1.1.299,2023-07-02
1.1.1.300,domain300,1.1.1.300,2023-07-03
1.1.1.301,domain301,1.1.1.301,2023-07-04
1.1.1.302,domain302,1.1.1.302,2023-07-05
1.1.1.303,domain303,1.1.1.303,2023-07-06
1.1.1.304,domain304,1.1.1.304,2023-07-07
1.1.1.305,domain305,1.1.1.305,2023-07-08
1.1.1.306,domain306,1.1.1.306,2023-07-09
1.1.1.307,domain307,1.1.1.307,2023-07-10
1.1.1.308,domain308,1.1.1.308,2023-07-11
1.1.1.309,domain309,1.1.1.309,2023-07-12
1.1.1.310,domain310,1.1.1.310,2023-07-13
1.1.1.311,domain311,1.1.1.311,2023-07-14
1.1.1.312,domain312,1.1.1.312,2023-07-15
1.1.1.313,domain313,1.1.1.313,2023-07-16
1.1.1.314,domain314,1.1.1.314,2023-07-17
1.1.1.315,domain315,1.1.1.315,2023-07-18
1.1.1.316,domain316,1.1.1.316,2023-07-19
1.1.1.317,domain317,1.1.1.317,2023-07-20
1.1.1.318,domain318,1.1.1.318,2023-07-21
1.1.1.319,domain319,1.1.1.319,2023-07-22
1.1.1.320,domain320,1.1.1.320,2023-07-23
1.1.1.321,domain321,1.1.1.321,2023-07-24
1.1.1.322,domain322,1.1.1.322,2023-07-25
1.1.1.323,domain323,1.1.1.323,2023-07-26
1.1.1.324,domain324,1.1.1.324,2023-07-27
1.1.1.325,domain325,1.1.1.325,2023-07-28
1.1.1.326,domain326,1.1.1.326,2023-07-29
1.1.1.327,domain327,1.1.1.327,2023-07-30
1.1.1.328,domain328,1.1.1.328,2023-07-31
1.1.1.329,domain329,1.1.1.329,2023-08-01
1.1.1.330,domain330,1.1.1.330,2023-08-02
1.1.1.331,domain331,1.1.1.331,2023-08-03
1.1.1.332,domain332,1.1.1.332,2023-08-04
1.1.1.333,domain333,1.1.1.333,2023-08-05
1.1.1.334,domain334,1.1.1.334,2023-08-06
1.1.1.335,domain335,1.1.1.335,2023-08-07
1.1.1.336,domain336,1.1.1.336,2023-08-08
1.1.1.337,domain337,1.1.1.337,2023-08-09
1.1.1.338,domain338,1.1.1.338,2023-08-10
1.1.1.339,domain339,1.1.1.339,2023-08-11
1.1.1.340,domain340,1.1.1.340,2023-08-12
1.1.1.341,domain341,1.1.1.341,2023-08-13
1.1.1.342,domain342,1.1.1.342,2023-08-14
1.1.1.343,domain343,1.1.1.343,2023-08-15
1.1.1.344,domain344,1.1.1.344,2023-08-16
1.1.1.345,domain345,1.1.1.345,2023-08-17
1.1.1.346,domain346,1.1.1.346,2023-08-18
1.1.1.347,domain347,1.1.1.347,2023-08-19
1.1.1.348,domain348,1.1.1.348,2023-08-20
1.1.1.349,domain349,1.1.1.349,2023-08-21
1.1.1.350,domain350,1.1.1.350,2023-08-22
1.1.1.351,domain351,1.1.1.351,2023-08-23
1.1.1.352,domain352,1.1.1.352,2023-08-24
1.1.1.353,domain353,1.1.1.353,2023-08-25
1.1.1.354,domain354,1.1.1.354,2023-08-26
1.1.1.355,domain355,1.1.1.355,2023-08-27
1.1.1.356,domain356,1.1.1.356,2023-08-28
1.1.1.357,domain357,1.1.1.357,2023-08-29
1.1.1.358,domain358,1.1.1.358,2023-08-30
1.1.1.359,domain359,1.1.1.359,2023-08-31
1.1.1.360,domain360,1.1.1.360,2023-09-01
1.1.1.361,domain361,1.1.1.361,2023-09-02
1.1.1.362,domain362,1.1.1.362,2023-09-03
1.1.1.363,domain363,1.1.1.363,2023-09-04
1.1.1.364,domain364,1.1.1.364,2023-09-05
1.1.1.365,domain365,1.1.1.365,2023-09-06
1.1.1.366,domain366,1.1.1.366,2023-09-07
1.1.1.367,domain367,1.1.1.367,2023-09-08
1.1.1.368,domain368,1.1.1.368,2023-09-09
1.1.1.369,domain369,1.1.1.369,2023-09-10
1.1.1.370,domain370,1.1.1.370,2023-09-11
1.1.1.371,domain371,1.1.1.371,2023-09-12
1.1.1.372,domain372,1.1.1.372,2023-09-13
1.1.1.373,domain373,1.1.1.373,2023-09-14
1.1.1.374,domain374,1.1.1.374,2023-09-15
1.1.1.375,domain375,1.1.1.375,2023-09-16
1.1.1.376,domain376,1.1.1.376,2023-09-17
1.1.1.377,domain377,1.1.1.377,2023-09-18
1.1.1.378,domain378,1.1.1.378,2023-09-19
1.1.1.379,domain379,1.1.1.379,2023-09-20
1.1.1.380,domain380,1.1.1.380,2023-09-21
1.1.1.381,domain381,1.1.1.381,2023-09-22
1.1.1.382,domain382,1.1.1.382,2023-09-23
1.1.1.383,domain383,1.1.1.383,2023-09-24
1.1.1.384,domain384,1.1.1.384,2023-09-25
1.1.1.385,domain385,1.1.1.385,2023-09-26
1.1.1.386,domain386,1.1.1.386,2023-09-27
1.1.1.387,domain387,1.1.1.387,2023-09-28
1.1.1.388,domain388,1.1.1.388,2023-09-29
1.1.1.389,domain389,1.1.1.389,2023-09-30
1.1.1.390,domain390,1.1.1.390,2023-10-01
1.1.1.391,domain391,1.1.1.391,2023-10-02
1.1.1.392,domain392,1.1.1.392,2023-10-03
1.1.1.393,domain393,1.1.1.393,2023-10-04
1.1.1.394,domain394,1.1.1.394,2023-10-05
1.1.1.395,domain395,1.1.1.395,2023-10-06
1.1.1.396,domain396,1.1.1.396,2023-10-07
1.1.1.397,domain397,1.1.1.397,2023-10-08
1.1.1.398,domain398,1.1.1.398,2023-10-09
1.1.1.399,domain399,1.1.1.399,2023-10-10
1.1.1.400,domain400,1.1.1.400,2023-10-11
1.1.1.401,domain401,1.1.1.401,2023-10-12
1.1.1.402,domain402,1.1.1.402,2023-10-13
1.1.1.403,domain403,1.1.1.403,2023-10-14
1.1.1.404,domain404,1.1.1.404,2023-10-15
1.1.1.405,domain405,1.1.1.405,2023-10-16
1.1.1.406,domain406,1.1.1.406,2023-10-17
1.1.1.407,domain407,1.1.1.407,2023-10-18
1.1.1.408,domain408,1.1.1.408,2023-10-19
1.1.1.409,domain409,1.1.1.409,2023-10-20
1.1.1.410,domain410,1.1.1.410,2023-10-21
1.1.1.411,domain411,1.1.1.411,2023-10-22
1.1.1.412,domain412,1.1.1.412,2023-10-23
1.1.1.413,domain413,1.1.1.413,2023-10-24
1.1.1.414,domain414,1.1.1.414,2023-10-25
1.1.1.415,domain415,1.1.1.415,2023-10-26
1.1.1.416,domain416,1.1.1.416,2023-10-27
1.1.1.417,domain417,1.1.1.417,2023-10-28
1.1.1.418,domain418,1.1.1.418,2023-10-29
1.1.1.419,domain419,1.1.1.419,2023-10-30
1.1.1.420,domain420,1.1.1.420,2023-10-31
1.1.1.421,domain421,1.1.1.421,2023-11-01
1.1.1.422,domain422,1.1.1.422,2023-11-02
1.1.1.423,domain423,1.1.1.423,2023-11-03
1.1.1.424,domain424,1.1.1.424,2023-11-04
1.1.1.425,domain425,1.1.1.425,2023-11-05
1.1.1.426,domain426,1.1.1.426,2023-11-06
1.1.1.427,domain427,1.1.1.427,2023-11-07
1.1.1.428,domain428,1.1.1.428,2023-11-08
1.1.1.429,domain429,1.1.1.429,2023-11-09
1.1.1.430,domain430,1.1.1.430,2023-11-10
1.1.1.431,domain431,1.1.1.431,2023-11-11
1.1.1.432,domain432,1.1.1.432,2023-11-12
1.1.1.433,domain433,1.1.1.433,2023-11-13
1.1.1.434,domain434,1.1.1.434,2023-11-14
1.1.1.435,domain435,1.1.1.435,2023-11-15
1.1.1.436,domain436,1.1.1.436,2023-11-16
1.1.1.437,domain437,1.1.1.437,2023-11-17
1.1.1.438,domain438,1.1.1.438,2023-11-18
1.1.1.439,domain439,1.1.1.439,2023-11-19
1.1.1.440,domain440,1.1.1.440,2023-11-20
1.1.1.441,domain441,1.1.1.441,2023-11-21
1.1.1.442,domain442,1.1.1.442,2023-11-22
1.1.1.443,domain443,1.1.1.443,2023-11-23
1.1.1.444,domain444,1.1.1.444,2023-11-24
1.1.1.445,domain445,1.1.1.445,2023-11-25
1.1.1.446,domain446,1.1.1.446,2023-11-26
1.1.1.447,domain447,1.1.1.447,2023-11-27
1.1.1.448,domain448,1.1.1.448,2023-11-28
1.1.1.449,domain449,1.1.1.449,2023-11-29
1.1.1.450,domain450,1.1.1.450,2023-11-30
1.1.1.451,domain451,1.1.1.451,2023-12-01
1.1.1.452,domain452,1.1.1.452,2023-12-02
1.1.1.453,domain453,1.1.1.453,2023-12-03
1.1.1.454,domain454,1.1.1.454,2023-12-04
1.1.1.455,domain455,1.1.1.455,2023-12-05
1.1.1.456,domain456,1.1.1.456,2023-12-06
1.1.1.457,domain457,1.1.1.457,2023-12-07
1.1.1.458,domain458,1.1.1.458,2023-12-08
1.1.1.459,domain459,1.1.1.459,2023-12-09
1.1.1.460,domain460,1.1.1.460,2023-12-10
1.1.1.461,domain461,1.1.1.461,2023-12-11
1.1.1.462,domain462,1.1.1.462,2023-12-12
1.1.1.463,domain463,1.1.1.463,2023-12-13
1.1.1.464,domain464,1.1.1.464,2023-12-14
1.1.1.465,domain465,1.1.1.465,2023-12-15
1.1.1.466,domain466,1.1.1.466,2023-12-16
1.1.1.467,domain467,1.1.1.467,2023-12-17
1.1.1.468,domain468,1.1.1.468,2023-12-18
1.1.1.469,domain469,1.1.1.469,2023-12-19
1.1.1.470,domain470,1.1.1.470,2023-12-20
1.1.1.471,domain471,1.1.1.471,2023-12-21
1.1.1.472,domain472,1.1.1.472,2023-12-22
1.1.1.473,domain473,1.1.1.473,2023-12-23
1.1.1.474,domain474,1.1.1.474,2023-12-24
1.1.1.475,domain475,1.1.1.475,2023-12-25
1.1.1.476,domain476,1.1.1.476,2023-12-26
1.1.1.477,domain477,1.1.1.477,2023-12-27
1.1.1.478,domain478,1.1.1.478,2023-12-28
1.1.1.479,domain479,1.1.1.479,2023-12-29
1.1.1.480,domain480,1.1.1.480,2023-12-30
1.1.1.481,domain481,1.1.1.481,2023-12-31
1.1.1.482,domain482,1.1.1.482,2024-01-01
1.1.1.483,domain483,1.1.1.483,2024-01-02
1.1.1.484,domain484,1.1.1.484,2024-01-03
1.1.1.485,domain485,1.1.1.485,2024-01-04
1.1.1.486,domain486,1.1.1.486,2024-01-05
1.1.1.487,domain487,1.1.1.487,2024-01-06
1.1.1.488,domain488,1.1.1.488,2024-01-07
1.1.1.489,domain489,1.1.1.489,2024-01-08
1.1.1.490,domain490,1.1.1.490,2024-01-09
1.1.1.491,domain491,1.1.1.491,2024-01-10
1.1.1.492,domain492,1.1.1.492,2024-01-11
1.1.1.493,domain493,1.1.1.493,2024-01-12
1.1.1.494,domain494,1.1.1.494,2024-01-13
1.1.1.495,domain495,1.1.1.495,2024-01-14
1.1.1.496,domain496,1.1.1.496,2024-01-15
1.1.1.497,domain497,1.1.1.497,2024-01-16
1.1.1.498,domain498,1.1.1.498,2024-01-17
1.1.1.499,domain499,1.1.1.499,2024-01-18
1.1.1.500,domain500,1.1.1.500,2024-01-19
1.1.1.501,domain501,1.1.1.501,2024-01-20
1.1.1.502,domain502,1.1.1.502,2024-01-21
1.1.1.503,domain503,1.1.1.503,2024-01-22
1.1.1.504,domain504,1.1.1.504,2024-01-23
1.1.1.505,domain505,1.1.1.505,2024-01-24
1.1.1.506,domain506,1.1.1.506,2024-01-25
1.1.1.507,domain507,1.1.1.507,2024-01-26
1.1.1.508,domain508,1.1.1.508,2024-01-27
1.1.1.509,domain509,1.1.1.509,2024-01-28
1.1.1.510,domain510,1.1.1.510,2024-01-29
1.1.1.511,domain511,1.1.1.511,2024-01-30
1.1.1.512,domain512,1.1.1.512,2024-01-31
1.1.1.513,domain513,1.1.1.513,2024-02-01
1.1.1.514,domain514,1.1.1.514,2024-02-02
1.1.1.515,domain515,1.1.1.515,2024-02-03
1.1.1.516,domain516,1.1.1.516,2024-02-04
1.1.1.517,domain517,1.1.1.517,2024-02-05
1.1.1.518,domain518,1.1.1.518,2024-02-06
1.1.1.519,domain519,1.1.1.519,2024-02-07
1.1.1.520,domain520,1.1.1.520,2024-02-08
1.1.1.521,domain521,1.1.1.521,2024-02-09
1.1.1.522,domain522,1.1.1.522,2024-02-10
1.1.1.523,domain523,1.1.1.523,2024-02-11
1.1.1.524,domain524,1.1.1.524,2024-02-12
1.1.1.525,domain525,1.1.1.525,2024-02-13
1.1.1.526,domain526,1.1.1.526,2024-02-14
1.1.1.527,domain527,1.1.1.527,2024-02-15
1.1.1.528,domain528,1.1.1.528,2024-02-16
1.1.1.529,domain529,1.1.1.529,2024-02-17
1.1.1.530,domain530,1.1.1.530,2024-02-18
1.1.1.531,domain531,1.1.1.531,2024-02-19
1.1.1.532,domain532,1.1.1.532,2024-02-20
1.1.1.533,domain533,1.1.1.533,2024-02-21
1.1.1.534,domain534,1.1.1.534,2024-02-22
1.1.1.535,domain535,1.1.1.535,2024-02-23
1.1.1.536,domain536,1.1.1.536,2024-02-24
1.1.1.537,domain537,1.1.1.537,2024-02-25
1.1.1.538,domain538,1.1.1.538,2024-02-26
1.1.1.539,domain539,1.1.1.539,2024-02-27
1.1.1.540,domain540,1.1.1.540,2024-02-28
1.1.1.541,domain541,1.1.1.541,2024-02-29
1.1.1.542,domain542,1.1.1.542,2024-03-01
1.1.1.543,domain543,1.1.1.543,2024-03-02
1.1.1.544,domain544,1.1.1.544,2024-03-03
1.1.1.545,domain545,1.1.1.545,2024-03-04
1.1.1.546,domain546,1.1.1.546,2024-03-05
1.1.1.547,domain547,1.1.1.547,2024-03-06
1.1.1.548,domain548,1.1.1.548,2024-03-07
1.1.1.549,domain549,1.1.1.549,2024-03-08
1.1.1.550,domain550,1.1.1.550,2024-03-09
1.1.1.551,domain551,1.1.1.551,2024-03-10
1.1.1.552,domain552,1.1.1.552,2024-03-11
1.1.1.553,domain553,1.1.1.553,2024-03-12
1.1.1.554,domain554,1.1.1.554,2024-03-13
1.1.1.555,domain555,1.1.1.555,2024-03-14
1.1.1.556,domain556,1.1.1.556,2024-03-15
1.1.1.557,domain557,1.1.1.557,2024-03-16
1.1.1.558,domain558,1.1.1.558,2024-03-17
1.1.1.559,domain559,1.1.1.559,2024-03-18
1.1.1.560,domain560,1.1.1.560,2024-03-19
1.1.1.561,domain561,1.1.1.561,2024-03-20
1.1.1.562,domain562,1.1.1.562,2024-03-21
1.1.1.563,domain563,1.1.1.563,2024-03-22
1.1.1.564,domain564,1.1.1.564,2024-03-23
1.1.1.565,domain565,1.1.1.565,2024-03-24
1.1.1.566,domain566,1.1.1.566,2024-03-25
1.1.1.567,domain567,1.1.1.567,2024-03-26
1.1.1.568,domain568,1.1.1.568,2024-03-27
1.1.1.569,domain569,1.1.1.569,2024-03-28
1.1.1.570,domain570,1.1.1.570,2024-03-29
1.1.1.571,domain571,1.1.1.571,2024-03-30
1.1.1.572,domain572,1.1.1.572,2024-03-31
1.1.1.573,domain573,1.1.1.573,2024-04-01
1.1.1.574,domain574,1.1.1.574,2024-04-02
1.1.1.575,domain575,1.1.1.575,2024-04-03
1.1.1.576,domain576,1.1.1.576,2024-04-04
1.1.1.577,domain577,1.1.1.577,2024-04-05
1.1.1.578,domain578,1.1.1.578,2024-04-06
1.1.1.579,domain579,1.1.1.579,2024-04-07
1.1.1.580,domain580,1.1.1.580,2024-04-08
1.1.1.581,domain581,1.1.1.581,2024-04-09
1.1.1.582,domain582,1.1.1.582,2024-04-10
1.1.1.583,domain583,1.1.1.583,2024-04-11
1.1.1.584,domain584,1.1.1.584,2024-04-12
1.1.1.585,domain585,1.1.1.585,2024-04-13
1.1.1.586,domain586,1.1.1.586,2024-04-14
1.1.1.587,domain587,1.1.1.587,2024-04-15
1.1.1.588,domain588,1.1.1.588,2024-04-16
1.1.1.589,domain589,1.1.1.589,2024-04-17
1.1.1.590,domain590,1.1.1.590,2024-04-18
1.1.1.591,domain591,1.1.1.591,2024-04-19
1.1.1.592,domain592,1.1.1.592,2024-04-20
1.1.1.593,domain593,1.1.1.593,2024-04-21
1.1.1.594,domain594,1.1.1.594,2024-04-22
1.1.1.595,domain595,1.1.1.595,2024-04-23
1.1.1.596,domain596,1.1.1.596,2024-04-24
1.1.1.597,domain597,1.1.1.597,2024-04-25
1.1.1.598,domain598,1.1.1.598,2024-04-26
1.1.1.599,domain599,1.1.1.599,2024-04-27
1.1.1.600,domain600,1.1.1.600,2024-04-28
1.1.1.601,domain601,1.1.1.601,2024-04-29
1.1.1.602,domain602,1.1.1.602,2024-04-30
1.1.1.603,domain603,1.1.1.603,2024-05-01
1.1.1.604,domain604,1.1.1.604,2024-05-02
1.1.1.605,domain605,1.1.1.605,2024-05-03
1.1.1.606,domain606,1.1.1.606,2024-05-04
1.1.1.607,domain607,1.1.1.607,2024-05-05
1.1.1.608,domain608,1.1.1.608,2024-05-06
1.1.1.609,domain609,1.1.1.609,2024-05-07
1.1.1.610,domain610,1.1.1.610,2024-05-08
1.1.1.611,domain611,1.1.1.611,2024-05-09
1.1.1.612,domain612,1.1.1.612,2024-05-10
1.1.1.613,domain613,1.1.1.613,2024-05-11
1.1.1.614,domain614,1.1.1.614,2024-05-12
1.1.1.615,domain615,1.1.1.615,2024-05-13
1.1.1.616,domain616,1.1.1.616,2024-05-14
1.1.1.617,domain617,1.1.1.617,2024-05-15
1.1.1.618,domain618,1.1.1.618,2024-05-16
1.1.1.619,domain619,1.1.1.619,2024-05-17
1.1.1.620,domain620,1.1.1.620,2024-05-18
1.1.1.621,domain621,1.1.1.621,2024-05-19
1.1.1.622,domain622,1.1.1.622,2024-05-20
1.1.1.623,domain623,1.1.1.623,2024-05-21
1.1.1.624,domain624,1.1.1.624,2024-05-22
1.1.1.625,domain625,1.1.1.625,2024-05-23
1.1.1.626,domain626,1.1.1.626,2024-05-24
1.1.1.627,domain627,1.1.1.627,2024-05-25
1.1.1.628,domain628,1.1.1.628,2024-05-26
1.1.1.629,domain629,1.1.1.629,2024-05-27
1.1.1.630,domain630,1.1.1.630,2024-05-28
1.1.1.631,domain631,1.1.1.631,2024-05-29
1.1.1.632,domain632,1.1.1.632,2024-05-30
1.1.1.633,domain633,1.1.1.633,2024-05-31
1.1.1.634,domain634,1.1.1.634,2024-06-01
1.1.1.635,domain635,1.1.1.635,2024-06-02
1.1.1.636,domain636,1.1.1.636,2024-06-03
1.1.1.637,domain637,1.1.1.637,2024-06-04
1.1.1.638,domain638,1.1.1.638,2024-06-05
1.1.1.639,domain639,1.1.1.639,2024-06-06
1.1.1.640,domain640,1.1.1.640,2024-06-07
1.1.1.641,domain641,1.1.1.641,2024-06-08
1.1.1.642,domain642,1.1.1.642,2024-06-09
1.1.1.643,domain643,1.1.1.643,2024-06-10
1.1.1.644,domain644,1.1.1.644,2024-06-11
1.1.1.645,domain645,1.1.1.645,2024-06-12
1.1.1.646,domain646,1.1.1.646,2024-06-13
1.1.1.647,domain647,1.1.1.647,2024-06-14
1.1.1.648,domain648,1.1.1.648,2024-06-15
1.1.1.649,domain649,1.1.1.649,2024-06-16
1.1.1.650,domain650,1.1.1.650,2024-06-17
1.1.1.651,domain651,1.1.1.651,2024-06-18
1.1.1.652,domain652,1.1.1.652,2024-06-19
1.1.1.653,domain653,1.1.1.653,2024-06-20
1.1.1.654,domain654,1.1.1.654,2024-06-21
1.1.1.655,domain655,1.1.1.655,2024-06-22
1.1.1.656,domain656,1.1.1.656,2024-06-23
1.1.1.657,domain657,1.1.1.657,2024-06-24
1.1.1.658,domain658,1.1.1.658,2024-06-25
1.1.1.659,domain659,1.1.1.659,2024-06-26
1.1.1.660,domain660,1.1.1.660,2024-06-27
1.1.1.661,domain661,1.1.1.661,2024-06-28
1.1.1.662,domain662,1.1.1.662,2024-06-29
1.1.1.663,domain663,1.1.1.663,2024-06-30
1.1.1.664,domain664,1.1.1.664,2024-07-01
1.1.1.665,domain665,1.1.1.665,2024-07-02
1.1.1.666,domain666,1.1.1.666,2024-07-03
1.1.1.667,domain667,1.1.1.667,2024-07-04
1.1.1.668,domain668,1.1.1.668,2024-07-05
1.1.1.669,domain669,1.1.1.669,2024-07-06
1.1.1.670,domain670,1.1.1.670,2024-07-07
1.1.1.671,domain671,1.1.1.671,2024-07-08
1.1.1.672,domain672,1.1.1.672,2024-07-09
1.1.1.673,domain673,1.1.1.673,2024-07-10
1.1.1.674,domain674,1.1.1.674,2024-07-11
1.1.1.675,domain675,1.1.1.675,2024-07-12
1.1.1.676,domain676,1.1.1.676,2024-07-13
1.1.1.677,domain677,1.1.1.677,2024-07-14
1.1.1.678,domain678,1.1.1.678,2024-07-15
1.1.1.679,domain679,1.1.1.679,2024-07-16
1.1.1.680,domain680,1.1.1.680,2024-07-17
1.1.1.681,domain681,1.1.1.681,2024-07-18
1.1.1.682,domain682,1.1.1.682,2024-07-19
1.1.1.683,domain683,1.1.1.683,2024-07-20
1.1.1.684,domain684,1.1.1.684,2024-07-21
1.1.1.685,domain685,1.1.1.685,2024-07-22
1.1.1.686,domain686,1.1.1.686,2024-07-23
1.1.1.687,domain687,1.1.1.687,2024-07-24
1.1.1.688,domain688,1.1.1.688,2024-07-25
1.1.1.689,domain689,1.1.1.689,2024-07-26
1.1.1.690,domain690,1.1.1.690,2024-07-27
1.1.1.691,domain691,1.1.1.691,2024-07-28
1.1.1.692,domain692,1.1.1.692,2024-07-29
1.1.1.693,domain693,1.1.1.693,2024-07-30
1.1.1.694,domain694,1.1.1.694,2024-07-31
1.1.1.695,domain695,1.1.1.695,2024-08-01
1.1.1.696,domain696,1.1.1.696,2024-08-02
1.1.1.697,domain697,1.1.1.697,2024-08-03
1.1.1.698,domain698,1.1.1.698,2024-08-04
1.1.1.699,domain699,1.1.1.699,2024-08-05
1.1.1.700,domain700,1.1.1.700,2024-08-06
1.1.1.701,domain701,1.1.1.701,2024-08-07
1.1.1.702,domain702,1.1.1.702,2024-08-08
1.1.1.703,domain703,1.1.1.703,2024-08-09
1.1.1.704,domain704,1.1.1.704,2024-08-10
1.1.1.705,domain705,1.1.1.705,2024-08-11
1.1.1.706,domain706,1.1.1.706,2024-08-12
1.1.1.707,domain707,1.1.1.707,2024-08-13
1.1.1.708,domain708,1.1.1.708,2024-08-14
1.1.1.709,domain709,1.1.1.709,2024-08-15
1.1.1.710,domain710,1.1.1.710,2024-08-16
1.1.1.711,domain711,1.1.1.711,2024-08-17
1.1.1.712,domain712,1.1.1.712,2024-08-18
1.1.1.713,domain713,1.1.1.713,2024-08-19
1.1.1.714,domain714,1.1.1.714,2024-08-20
1.1.1.715,domain715,1.1.1.715,2024-08-21
1.1.1.716,domain716,1.1.1.716,2024-08-22
1.1.1.717,domain717,1.1.1.717,2024-08-23
1.1.1.718,domain718,1.1.1.718,2024-08-24
1.1.1.719,domain719,1.1.1.719,2024-08-25
1.1.1.720,domain720,1.1.1.720,2024-08-26
1.1.1.721,domain721,1.1.1.721,2024-08-27
1.1.1.722,domain722,1.1.1.722,2024-08-28
1.1.1.723,domain723,1.1.1.723,2024-08-29
1.1.1.724,domain724,1.1.1.724,2024-08-30
1.1.1.725,domain725,1.1.1.725,2024-08-31
1.1.1.726,domain726,1.1.1.726,2024-09-01
1.1.1.727,domain727,1.1.1.727,2024-09-02
1.1.1.728,domain728,1.1.1.728,2024-09-03
1.1.1.729,domain729,1.1.1.729,2024-09-04
1.1.1.730,domain730,1.1.1.730,2024-09-05
1.1.1.731,domain731,1.1.1.731,2024-09-06
1.1.1.732,domain732,1.1.1.732,2024-09-07
1.1.1.733,domain733,1.1.1.733,2024-09-08
1.1.1.734,domain734,1.1.1.734,2024-09-09
1.1.1.735,domain735,1.1.1.735,2024-09-10
1.1.1.736,domain736,1.1.1.736,2024-09-11
1.1.1.737,domain737,1.1.1.737,2024-09-12
1.1.1.738,domain738,1.1.1.738,2024-09-13
1.1.1.739,domain739,1.1.1.739,2024-09-14
1.1.1.740,domain740,1.1.1.740,2024-09-15
1.1.1.741,domain741,1.1.1.741,2024-09-16
1.1.1.742,domain742,1.1.1.742,2024-09-17
1.1.1.743,domain743,1.1.1.743,2024-09-18
1.1.1.744,domain744,1.1.1.744,2024-09-19
1.1.1.745,domain745,1.1.1.745,2024-09-20
1.1.1.746,domain746,1.1.1.746,2024-09-21
1.1.1.747,domain747,1.1.1.747,2024-09-22
1.1.1.748,domain748,1.1.1.748,2024-09-23
1.1.1.749,domain749,1.1.1.749,2024-09-24
1.1.1.750,domain750,1.1.1.750,2024-09-25
1.1.1.751,domain751,1.1.1.751,2024-09-26
1.1.1.752,domain752,1.1.1.752,2024-09-27
1.1.1.753,domain753,1.1.1.753,2024-09-28
1.1.1.754,domain754,1.1.1.754,2024-09-29
1.1.1.755,domain755,1.1.1.755,2024-09-30
1.1.1.756,domain756,1.1.1.756,2024-10-01
1.1.1.757,domain757,1.1.1.757,2024-10-02
1.1.1.758,domain758,1.1.1.758,2024-10-03
1.1.1.759,domain759,1.1.1.759,2024-10-04
1.1.1.760,domain760,1.1.1.760,2024-10-05
1.1.1.761,domain761,1.1.1.761,2024-10-06
1.1.1.762,domain762,1.1.1.762,2024-10-07
1.1.1.763,domain763,1.1.1.763,2024-10-08
1.1.1.764,domain764,1.1.1.764,2024-10-09
1.1.1.765,domain765,1.1.1.765,2024-10-10
1.1.1.766,domain766,1.1.1.766,2024-10-11
1.1.1.767,domain767,1.1.1.767,2024-10-12
1.1.1.768,domain768,1.1.1.768,2024-10-13
1.1.1.769,domain769,1.1.1.769,2024-10-14
1.1.1.770,domain770,1.1.1.770,2024-10-15
1.1.1.771,domain771,1.1.1.771,2024-10-16
1.1.1.772,domain772,1.1.1.772,2024-10-17
1.1.1.773,domain773,1.1.1.773,2024-10-18
1.1.1.774,domain774,1.1.1.774,2024-10-19
1.1.1.775,domain775,1.1.1.775,2024-10-20
1.1.1.776,domain776,1.1.1.776,2024-10-21
1.1.1.777,domain777,1.1.1.777,2024-10-22
1.1.1.778,domain778,1.1.1.778,2024-10-23
1.1.1.779,domain779,1.1.1.779,2024-10-24
1.1.1.780,domain780,1.1.1.780,2024-10-25
1.1.1.781,domain781,1.1.1.781,2024-10-26
1.1.1.782,domain782,1.1.1.782,2024-10-27
1.1.1.783,domain783,1.1.1.783,2024-10-28
1.1.1.784,domain784,1.1.1.784,2024-10-29
1.1.1.785,domain785,1.1.1.785,2024-10-30
1.1.1.786,domain786,1.1.1.786,2024-10-31
1.1.1.787,domain787,1.1.1.787,2024-11-01
1.1.1.788,domain788,1.1.1.788,2024-11-02
1.1.1.789,domain789,1.1.1.789,2024-11-03
1.1.1.790,domain790,1.1.1.790,2024-11-04
1.1.1.791,domain791,1.1.1.791,2024-11-05
1.1.1.792,domain792,1.1.1.792,2024-11-06
1.1.1.793,domain793,1.1.1.793,2024-11-07
1.1.1.794,domain794,1.1.1.794,2024-11-08
1.1.1.795,domain795,1.1.1.795,2024-11-09
1.1.1.796,domain796,1.1.1.796,2024-11-10
1.1.1.797,domain797,1.1.1.797,2024-11-11
1.1.1.798,domain798,1.1.1.798,2024-11-12
1.1.1.799,domain799,1.1.1.799,2024-11-13
1.1.1.800,domain800,1.1.1.800,2024-11-14
1.1.1.801,domain801,1.1.1.801,2024-11-15
1.1.1.802,domain802,1.1.1.802,2024-11-16
1.1.1.803,domain803,1.1.1.803,2024-11-17
1.1.1.804,domain804,1.1.1.804,2024-11-18
1.1.1.805,domain805,1.1.1.805,2024-11-19
1.1.1.806,domain806,1.1.1.806,2024-11-20
1.1.1.807,domain807,1.1.1.807,2024-11-21
1.1.1.808,domain808,1.1.1.808,2024-11-22
1.1.1.809,domain809,1.1.1.809,2024-11-23
1.1.1.810,domain810,1.1.1.810,2024-11-24
1.1.1.811,domain811,1.1.1.811,2024-11-25
1.1.1.812,domain812,1.1.1.812,2024-11-26
1.1.1.813,domain813,1.1.1.813,2024-11-27
1.1.1.814,domain814,1.1.1.814,2024-11-28
1.1.1.815,domain815,1.1.1.815,2024-11-29
1.1.1.816,domain816,1.1.1.816,2024-11-30
1.1.1.817,domain817,1.1.1.817,2024-12-01
1.1.1.818,domain818,1.1.1.818,2024-12-02
1.1.1.819,domain819,1.1.1.819,2024-12-03
1.1.1.820,domain820,1.1.1.820,2024-12-04
1.1.1.821,domain821,1.1.1.821,2024-12-05
1.1.1.822,domain822,1.1.1.822,2024-12-06
1.1.1.823,domain823,1.1.1.823,2024-12-07
1.1.1.824,domain824,1.1.1.824,2024-12-08
1.1.1.825,domain825,1.1.1.825,2024-12-09
1.1.1.826,domain826,1.1.1.826,2024-12-10
1.1.1.827,domain827,1.1.1.827,2024-12-11
1.1.1.828,domain828,1.1.1.828,2024-12-12
1.1.1.829,domain829,1.1.1.829,2024-12-13
1.1.1.830,domain830,1.1.1.830,2024-12-14
1.1.1.831,domain831,1.1.1.831,2024-12-15
1.1.1.832,domain832,1.1.1.832,2024-12-16
1.1.1.833,domain833,1.1.1.833,2024-12-17
1.1.1.834,domain834,1.1.1.834,2024-12-18
1.1.1.835,domain835,1.1.1.835,2024-12-19
1.1.1.836,domain836,1.1.1.836,2024-12-20
1.1.1.837,domain837,1.1.1.837,2024-12-21
1.1.1.838,domain838,1.1.1.838,2024-12-22
1.1.1.839,domain839,1.1.1.839,2024-12-23
1.1.1.840,domain840,1.1.1.840,2024-12-24
1.1.1.841,domain841,1.1.1.841,2024-12-25
1.1.1.842,domain842,1.1.1.842,2024-12-26
1.1.1.843,domain843,1.1.1.843,2024-12-27
1.1.1.844,domain844,1.1.1.844,2024-12-28
1.1.1.845,domain845,1.1.1.845,2024-12-29
1.1.1.846,domain846,1.1.1.846,2024-12-30
1.1.1.847,domain847,1.1.1.847,2024-12-31
1.1.1.848,domain848,1.1.1.848,2025-01-01
1.1.1.849,domain849,1.1.1.849,2025-01-02
1.1.1.850,domain850,1.1.1.850,2025-01-03
1.1.1.851,domain851,1.1.1.851,2025-01-04
1.1.1.852,domain852,1.1.1.852,2025-01-05
1.1.1.853,domain853,1.1.1.853,2025-01-06
1.1.1.854,domain854,1.1.1.854,2025-01-07
1.1.1.855,domain855,1.1.1.855,2025-01-08
1.1.1.856,domain856,1.1.1.856,2025-01-09
1.1.1.857,domain857,1.1.1.857,2025-01-10
1.1.1.858,domain858,1.1.1.858,2025-01-11
1.1.1.859,domain859,1.1.1.859,2025-01-12
1.1.1.860,domain860,1.1.1.860,2025-01-13
1.1.1.861,domain861,1.1.1.861,2025-01-14
1.1.1.862,domain862,1.1.1.862,2025-01-15
1.1.1.863,domain863,1.1.1.863,2025-01-16
1.1.1.864,domain864,1.1.1.864,2025-01-17
1.1.1.865,domain865,1.1.1.865,2025-01-18
1.1.1.866,domain866,1.1.1.866,2025-01-19
1.1.1.867,domain867,1.1.1.867,2025-01-20
1.1.1.868,domain868,1.1.1.868,2025-01-21
1.1.1.869,domain869,1.1.1.869,2025-01-22
1.1.1.870,domain870,1.1.1.870,2025-01-23
1.1.1.871,domain871,1.1.1.871,2025-01-24
1.1.1.872,domain872,1.1.1.872,2025-01-25
1.1.1.873,domain873,1.1.1.873,2025-01-26
1.1.1.874,domain874,1.1.1.874,2025-01-27
1.1.1.875,domain875,1.1.1.875,2025-01-28
1.1.1.876,domain876,1.1.1.876,2025-01-29
1.1.1.877,domain877,1.1.1.877,2025-01-30
1.1.1.878,domain878,1.1.1.878,2025-01-31
1.1.1.879,domain879,1.1.1.879,2025-02-01
1.1.1.880,domain880,1.1.1.880,2025-02-02
1.1.1.881,domain881,1.1.1.881,2025-02-03
1.1.1.882,domain882,1.1.1.882,2025-02-04
1.1.1.883,domain883,1.1.1.883,2025-02-05
1.1.1.884,domain884,1.1.1.884,2025-02-06
1.1.1.885,domain885,1.1.1.885,2025-02-07
1.1.1.886,domain886,1.1.1.886,2025-02-08
1.1.1.887,domain887,1.1.1.887,2025-02-09
1.1.1.888,domain888,1.1.1.888,2025-02-10
1.1.1.889,domain889,1.1.1.889,2025-02-11
1.1.1.890,domain890,1.1.1.890,2025-02-12
1.1.1.891,domain891,1.1.1.891,2025-02-13
1.1.1.892,domain892,1.1.1.892,2025-02-14
1.1.1.893,domain893,1.1.1.893,2025-02-15
1.1.1.894,domain894,1.1.1.894,2025-02-16
1.1.1.895,domain895,1.1.1.895,2025-02-17
1.1.1.896,domain896,1.1.1.896,2025-02-18
1.1.1.897,domain897,1.1.1.897,2025-02-19
1.1.1.898,domain898,1.1.1.898,2025-02-20
1.1.1.899,domain899,1.1.1.899,2025-02-21
1.1.1.900,domain900,1.1.1.900,2025-02-22
1.1.1.901,domain901,1.1.1.901,2025-02-23
1.1.1.902,domain902,1.1.1.902,2025-02-24
1.1.1.903,domain903,1.1.1.903,2025-02-25
1.1.1.904,domain904,1.1.1.904,2025-02-26
1.1.1.905,domain905,1.1.1.905,2025-02-27
1.1.1.906,domain906,1.1.1.906,2025-02-28
1.1.1.907,domain907,1.1.1.907,2025-03-01
1.1.1.908,domain908,1.1.1.908,2025-03-02
1.1.1.909,domain909,1.1.1.909,2025-03-03
1.1.1.910,domain910,1.1.1.910,2025-03-04
1.1.1.911,domain911,1.1.1.911,2025-03-05
1.1.1.912,domain912,1.1.1.912,2025-03-06
1.1.1.913,domain913,1.1.1.913,2025-03-07
1.1.1.914,domain914,1.1.1.914,2025-03-08
1.1.1.915,domain915,1.1.1.915,2025-03-09
1.1.1.916,domain916,1.1.1.916,2025-03-10
1.1.1.917,domain917,1.1.1.917,2025-03-11
1.1.1.918,domain918,1.1.1.918,2025-03-12
1.1.1.919,domain919,1.1.1.919,2025-03-13
1.1.1.920,domain920,1.1.1.920,2025-03-14
1.1.1.921,domain921,1.1.1.921,2025-03-15
1.1.1.922,domain922,1.1.1.922,2025-03-16
1.1.1.923,domain923,1.1.1.923,2025-03-17
1.1.1.924,domain924,1.1.1.924,2025-03-18
1.1.1.925,domain925,1.1.1.925,2025-03-19
1.1.1.926,domain926,1.1.1.926,2025-03-20
1.1.1.927,domain927,1.1.1.927,2025-03-21
1.1.1.928,domain928,1.1.1.928,2025-03-22
1.1.1.929,domain929,1.1.1.929,2025-03-23
1.1.1.930,domain930,1.1.1.930,2025-03-24
1.1.1.931,domain931,1.1.1.931,2025-03-25
1.1.1.932,domain932,1.1.1.932,2025-03-26
1.1.1.933,domain933,1.1.1.933,2025-03-27
1.1.1.934,domain934,1.1.1.934,2025-03-28
1.1.1.935,domain935,1.1.1.935,2025-03-29
1.1.1.936,domain936,1.1.1.936,2025-03-30
1.1.1.937,domain937,1.1.1.937,2025-03-31
1.1.1.938,domain938,1.1.1.938,2025-04-01
1.1.1.939,domain939,1.1.1.939,2025-04-02
1.1.1.940,domain940,1.1.1.940,2025-04-03
1.1.1.941,domain941,1.1.1.941,2025-04-04
1.1.1.942,domain942,1.1.1.942,2025-04-05
1.1.1.943,domain943,1.1.1.943,2025-04-06
1.1.1.944,domain944,1.1.1.944,2025-04-07
1.1.1.945,domain945,1.1.1.945,2025-04-08
1.1.1.946,domain946,1.1.1.946,2025-04-09
1.1.1.947,domain947,1.1.1.947,2025-04-10
1.1.1.948,domain948,1.1.1.948,2025-04-11
1.1.1.949,domain949,1.1.1.949,2025-04-12
1.1.1.950,domain950,1.1.1.950,2025-04-13
1.1.1.951,domain951,1.1.1.951,2025-04-14
1.1.1.952,domain952,1.1.1.952,2025-04-15
1.1.1.953,domain953,1.1.1.953,2025-04-16
1.1.1.954,domain954,1.1.1.954,2025-04-17
1.1.1.955,domain955,1.1.1.955,2025-04-18
1.1.1.956,domain956,1.1.1.956,2025-04-19
1.1.1.957,domain957,1.1.1.957,2025-04-20
1.1.1.958,domain958,1.1.1.958,2025-04-21
1.1.1.959,domain959,1.1.1.959,2025-04-22
1.1.1.960,domain960,1.1.1.960,2025-04-23
1.1.1.961,domain961,1.1.1.961,2025-04-24
1.1.1.962,domain962,1.1.1.962,2025-04-25
1.1.1.963,domain963,1.1.1.963,2025-04-26
1.1.1.964,domain964,1.1.1.964,2025-04-27
1.1.1.965,domain965,1.1.1.965,2025-04-28
1.1.1.966,domain966,1.1.1.966,2025-04-29
1.1.1.967,domain967,1.1.1.967,2025-04-30
1.1.1.968,domain968,1.1.1.968,2025-05-01
1.1.1.969,domain969,1.1.1.969,2025-05-02
1.1.1.970,domain970,1.1.1.970,2025-05-03
1.1.1.971,domain971,1.1.1.971,2025-05-04
1.1.1.972,domain972,1.1.1.972,2025-05-05
1.1.1.973,domain973,1.1.1.973,2025-05-06
1.1.1.974,domain974,1.1.1.974,2025-05-07
1.1.1.975,domain975,1.1.1.975,2025-05-08
1.1.1.976,domain976,1.1.1.976,2025-05-09
1.1.1.977,domain977,1.1.1.977,2025-05-10
1.1.1.978,domain978,1.1.1.978,2025-05-11
1.1.1.979,domain979,1.1.1.979,2025-05-12
1.1.1.980,domain980,1.1.1.980,2025-05-13
1.1.1.981,domain981,1.1.1.981,2025-05-14
1.1.1.982,domain982,1.1.1.982,2025-05-15
1.1.1.983,domain983,1.1.1.983,2025-05-16
1.1.1.984,domain984,1.1.1.984,2025-05-17
1.1.1.985,domain985,1.1.1.985,2025-05-18
1.1.1.986,domain986,1.1.1.986,2025-05-19
1.1.1.987,domain987,1.1.1.987,2025-05-20
1.1.1.988,domain988,1.1.1.988,2025-05-21
1.1.1.989,domain989,1.1.1.989,2025-05-22
1.1.1.990,domain990,1.1.1.990,2025-05-23
1.1.1.991,domain991,1.1.1.991,2025-05-24
1.1.1.992,domain992,1.1.1.992,2025-05-25
1.1.1.993,domain993,1.1.1.993,2025-05-26
1.1.1.994,domain994,1.1.1.994,2025-05-27
1.1.1.995,domain995,1.1.1.995,2025-05-28
1.1.1.996,domain996,1.1.1.996,2025-05-29
1.1.1.997,domain997,1.1.1.997,2025-05-30
1.1.1.998,domain998,1.1.1.998,2025-05-31
1.1.1.999,domain999,1.1.1.999,2025-06-01
1.1.1.1000,domain1000,1.1.1.1000,2025-06-02
1.1.1.1001,domain1001,1.1.1.1001,2025-06-03
1.1.1.1002,domain1002,1.1.1.1002,2025-06-04
1.1.1.1003,domain1003,1.1.1.1003,2025-06-05
1.1.1.1004,domain1004,1.1.1.1004,2025-06-06
1.1.1.1005,domain1005,1.1.1.1005,2025-06-07
1.1.1.1006,domain1006,1.1.1.1006,2025-06-08
1.1.1.1007,domain1007,1.1.1.1007,2025-06-09
1.1.1.1008,domain1008,1.1.1.1008,2025-06-10
1.1.1.1009,domain1009,1.1.1.1009,2025-06-11
